class,Population,P: Condition positive,N: Condition negative,Test outcome positive,Test outcome negative,TP: True Positive,TN: True Negative,FP: False Positive,FN: False Negative,"TPR: (Sensitivity, hit rate, recall)",TNR=SPC: (Specificity),PPV: Pos Pred Value (Precision),NPV: Neg Pred Value,FPR: False-out,FDR: False Discovery Rate,FNR: Miss Rate,ACC: Accuracy,F1 score,MCC: Matthews correlation coefficient,Informedness,Markedness,Prevalence,LR+: Positive likelihood ratio,LR-: Negative likelihood ratio,DOR: Diagnostic odds ratio,FOR: False omission rate
_negative_,247,0,247,85,162,0,162,85,0,nan,0.6558704453441295,0.0,1.0,0.3441295546558704,1.0,nan,0.6558704453441295,0.0,nan,nan,0.0,0.0,nan,nan,nan,0.0
aircraft,247,89,158,55,192,23,126,32,66,0.25842696629213485,0.7974683544303798,0.41818181818181815,0.65625,0.20253164556962025,0.5818181818181818,0.7415730337078652,0.6032388663967612,0.3194444444444444,0.06450108796937164,0.055895320722514574,0.07443181818181821,0.3603238866396761,1.2759831460674158,0.9299090422685928,1.372159090909091,0.34375
land vehicle,247,82,165,25,222,16,156,9,66,0.1951219512195122,0.9454545454545454,0.64,0.7027027027027027,0.05454545454545454,0.36,0.8048780487804879,0.6963562753036437,0.29906542056074764,0.21949019419253574,0.1405764966740577,0.34270270270270276,0.3319838056680162,3.577235772357724,0.851313320825516,4.202020202020202,0.2972972972972973
watercraft,247,76,171,82,165,37,126,45,39,0.4868421052631579,0.7368421052631579,0.45121951219512196,0.7636363636363637,0.2631578947368421,0.5487804878048781,0.5131578947368421,0.659919028340081,0.46835443037974683,0.219225607451105,0.2236842105263157,0.21485587583148558,0.3076923076923077,1.85,0.6964285714285715,2.6564102564102563,0.23636363636363636
