# of Classes,# of Images,TP,TN,FP,FN,Precision,Recall,Accuracy,F1,MCC
4,24,18,66,6,6,0.8621794871794872,0.7951388888888888,0.75,0.8103896103896104,0.6479860017770085
