class,Population,P: Condition positive,N: Condition negative,Test outcome positive,Test outcome negative,TP: True Positive,TN: True Negative,FP: False Positive,FN: False Negative,"TPR: (Sensitivity, hit rate, recall)",TNR=SPC: (Specificity),PPV: Pos Pred Value (Precision),NPV: Neg Pred Value,FPR: False-out,FDR: False Discovery Rate,FNR: Miss Rate,ACC: Accuracy,F1 score,MCC: Matthews correlation coefficient,Informedness,Markedness,Prevalence,LR+: Positive likelihood ratio,LR-: Negative likelihood ratio,DOR: Diagnostic odds ratio,FOR: False omission rate
BrokenWindshield,24,6,18,4,20,4,18,0,2,0.6666666666666666,1.0,1.0,0.9,0.0,0.0,0.3333333333333333,0.9166666666666666,0.8,0.7745966692414834,0.6666666666666665,0.8999999999999999,0.25,inf,0.3333333333333333,inf,0.1
FlatTire,24,9,15,13,11,8,10,5,1,0.8888888888888888,0.6666666666666666,0.6153846153846154,0.9090909090909091,0.3333333333333333,0.38461538461538464,0.1111111111111111,0.75,0.7272727272727273,0.539791896359413,0.5555555555555554,0.5244755244755246,0.375,2.6666666666666665,0.16666666666666666,16.0,0.09090909090909091
Motorcycle Accident,24,8,16,6,18,5,15,1,3,0.625,0.9375,0.8333333333333334,0.8333333333333334,0.0625,0.16666666666666666,0.375,0.8333333333333334,0.7142857142857143,0.6123724356957945,0.5625,0.6666666666666667,0.3333333333333333,10.0,0.4,25.0,0.16666666666666666
_negative_,24,1,23,1,23,1,23,0,0,1.0,1.0,1.0,1.0,0.0,0.0,0.0,1.0,1.0,1.0,1.0,1.0,0.041666666666666664,inf,0.0,inf,0.0
